Index,Tanggal,Username,Tweets,Retweets,Sentimen
1,9/24/2022 12:28,dfcfriedchiken,saya ikutan judi online dari thn 2019 sampai sekarang gak pernah ada kemenangan semuanya ilusi dan di sebabkan kecanduan sangat susah untuk berhenti,0,negatif
2,9/22/2022 19:27,vic_hasiholan,Sebenarnya rakyat bisa dengan mudah menghentikannya berhenti main judi online Cuma ya gimana ya orang kalau dah kecanduan susah berhentinya,0,netral
3,9/22/2022 11:43,2ndacun,Bandar judi besok nyeponsorin caleg bahkan capres pakai duit yang disedot dari mas mas kerja serabutan dan anak anak smp kecanduan main slot Wkwkw mantap judi online sebagai soko guru perekonomian nasional ,0,positif
4,9/22/2022 11:43,mojokdotco,Judi online masih saja menelan korban Bahkan ada yang sampe kecanduan Lalu apa yang harus dilakukan bila kita kecanduan judi online ,5,negatif
5,9/22/2022 11:43,endroouw,Kenapa ya orang kecanduan judi online,0,netral
6,9/22/2022 11:43,waifunicorobin,judi online itu udah marak banget dari jaman gue smp tahun 2008 2010 temen gue yang seangkatan 3 orang kecanduan judi online ah gila gue liatnya mukanya udah kaya narkoboy badan bungkuk kalo dikelas ngantuk mulu mana beler lagi,0,negatif
7,9/22/2022 11:43,sensual88bdg,kecanduan judi online selama 2tahun lupa fantasi sex anjing bgt,0,negatif
8,9/22/2022 11:43,cuzximyours,Gue mau cerita gue nih punya om dan dia nib kecanduan judi online utang dia udah berjuta juta dan hari ini dia minjem ke mama gue sampe nangis2 ehh dipinjemin sama mama padahal gue udah ngelarang mama buat minjemin,0,negatif
9,9/22/2022 11:43,addin_dzulfikar,Ada game kyk gini kok bisa org2 lebih mili kecanduan judi online alkohol,0,negatif
10,9/22/2022 11:43,detikcom,Hingga pertengahan September ada 114 perkara cerai tercatat di Pengadilan Agama Lamongan Alasan perceraian salah satunya adalah suami kecanduan judi online  ,7,negatif
11,9/22/2022 11:43,trendotnews,Puluhan Istri di Bojonegoro Jawa Timur Gugat Cerai Suami Karena Kecanduan Judi Online  ,0,negatif
12,9/14/2022 18:30,inewsdotid,Ya Ampun Gegara Kecanduan Judi Online 23 Istri di Bojonegoro Gugat Cerai Suaminya  ,0,negatif
13,9/14/2022 17:41,arisbowo_,Kecanduan judi online menghabiskan isi rumahmu isi dompetmu habis juga usaha yang baru kamu rintis,0,negatif
14,9/14/2022 14:14,kumparan,Sebanyak 23 orang istri gugat cerai suaminya lantaran kecanduan judi online Fenomena perceraian muncul yang disebabkan karena judi online ini ngetrend sejak bulan Agustus ,1,negatif
15,9/14/2022 14:12,tvonenews,Kecanduan Judi Online dan Narkoba Pemuda di Temanggung Ditangkap Polisi Karena Curi Mobil ,0,negatif
16,9/18/2022 11:37,metro_tv,Sampai kapan promosi judi online bisa berjalan mudah di Indonesia ,6,negatif
17,9/18/2022 11:30,metro_tv,Awalnya terlihat menggirukan judi online tetap berakhir dengan kerugian  ,2,negatif
18,9/18/2022 11:23,metro_tv,Duh Gimana nih Tindakan apa yang sebenarnya bisa dilakukan kemkominfo untuk menindak bos judi online  ,10,negatif
19,9/17/2022 23:03,moonxchildz,Pcr temen gua yg gua kaga restuin soalnya pernah deketin pcr temen gua pdhal dia tau temen gua ini pcran ama tu cowo suka judi online candu vape bnyk minusnya,0,negatif
20,9/17/2022 18:18,metro_tv,Wah Ini alasan kenapa judi online bisa menimbulkan rasa candu yang membahayakan,3,netral
21,9/17/2022 18:05,metro_tv,Semudah ini tak heran judi online kian bertumbuh pesat Apa yang sebenarnya bisa dilakukan  ,2,negatif
22,9/17/2022 17:57,metro_tv,Halo kemkominfo kok bisa ya promosi judi online terjalin bebas di sosial media   ,3,netral
23,9/15/2022 18:37,metro_tv,Demi gaji 25 juta seorang mahasiswi nekat bekerja menjadi bandar judi online yang mengoperasikan 50 situs judi,3,netral
24,9/13/2022 6:37,pijatmalam24,Shopeepay later judi online itu candu ny ga ketolong klo udah kenal 2 ini buat yg blm pernah nyentuh ya sebaikny jgn pernah nyoba kecuali jika mental lu miskin pemalas pengen instan ya silahkan saja ,0,negatif
25,9/11/2022 19:25,0kembali0,Kenapa sii judi online tu candu pengen berhenti aja susah bgt,0,negatif
26,9/6/2022 11:28,ansthsyyy,Judi online tuh emang racun banget Sodara ku minjem uang pinjol 13 juta dan make uang untuk bisnis 45 juta punya kakak iparnya Bener2 bikin candu dan jd miskin ,0,negatif
27,9/6/2022 7:57,andry_1985,itulah keganasan judi online akibatnya ngeri bikin candu keluarga bisa berantakan makanya jgn sampe kenal sama yg namanya judi dlm bentuk apapun,0,negatif
28,9/5/2022 20:47,andhikaneu,Sekarang makin banyak orang judi online karna tergiur kekayaan orang2 yg flexing untuk tujuan tertentu Di pikiran mereka judi adalah jalan instant menuju financial freedom Yang paling miris itu orang2 miskin yg beradu nasib akhirnya celaka Candu,0,negatif
29,9/5/2022 17:35,rachocopasto,Pengalaman teman suami yang candu judi online segala cara dipakai sampe uang rotibah ustadz di potong uang umat dipake sampe akhirnya diceraikan istri dan sekarang luntang lantung Naudzubillah,0,negatif
30,9/4/2022 7:59,im_your_amndn,Judi online tuh candu kalo udah nyebur bakalan susah buat berhenti,0,negatif
31,9/4/2022 7:16,tidehends,Kecanduan judi online lebih bahaya dibanding candu narkoba,0,negatif
32,9/3/2022 23:13,popiiiaaa,mantan atasan gue candu judi online sampe pake uang perusahaan 200an jt cuma utk main pdhl harta benda ga punya akhirnya utk bayar uang perusahaan gadai rumah mertua  ,0,negatif
33,8/25/2022 17:58,aceh,Banyak yg candu Empat Agen Judi Togel Online di Banda Aceh Diringkus Polisi ,2,negatif
34,8/21/2022 18:02,indosiartv,Sorot Suramnya Candu Judi Daring Kapolri Perintahkan Berantas Habis Patroli Tawaran bermain judi online masif merasuki perangkat gawai membuat siapa saja yang membukanya mudah tergoda dan candu ,0,negatif
35,8/21/2022 16:52,indosiar,Berita lainnya Tawaran bermain judi online secara masif membuat siapa saja yang membukanya mudah tergoda dan candu Judi daring kerap membuat seseorang gelap mata dan menghalalkan segala cara demi dapatkan uang dengan mudah dan cepat,0,negatif
36,8/19/2022 13:26,kiki_setya,Sodara saya mobil rentalnya digadaikan polisi krna kecanduan judi online orangny kooperatif sebenarnya mau ganti dengan rumah dia cuma tingkahnya aneh waktu ditagih diingtkan diingatkan tentang judi online sudah ga peduli Candu banget,1,negatif
37,8/17/2022 16:30,syamsfitri,Harusnya anak anak yang terlibat judi online ini di tangkap sepeti pemakai narkoba karna sama sama ada candu,0,negatif
38,8/16/2022 19:37,lelaki_petarung,candu judi online serem yak udah ga ad duit pribadi duit perusahaan dipake,0,negatif
39,8/9/2022 18:31,harbell51,Ada candu di udara kita ini Judi online yg berkedok game Game yg memabokkan,0,negatif
40,8/4/2022 10:21,indonesiana,Judi Online Menjadi Candu Kuat Setelah Narkoba Mesti Dicegah Bersama  ,1,negatif
41,8/3/2022 3:56,petrus_boyke,Solusi terbaik jangan coba2 masuk ke situs judi online Krn jebakan awal bandar adalah deposito kalian akan bertambah diawal deposito dgn kemenangan Krn tubuh butuh asupan adrenaline minimal 40 menit agar tubuh tetap merasakan sensasi adrenaline menyenangkan yg akan jd candu dan,0,negatif
42,8/2/2022 18:09,pantau_com,Candu Judi Online Jadi Terlilit Hutang Sopir Taksi Online Dibunuh,0,negatif
43,8/1/2022 22:45,rahhmannnnn,Pernah mikir bakal ngerubah hidup dengan cara main judi online seperti slot karna liat temen2 pada main habis 300rb lgsg mikir ini akan candu dan bakal trs ngabisin duit Iyaudah stop ya,0,negatif
44,7/31/2022 16:41,mulai_hidup,Lebih baik blokir situs2 judi online yang saat ini marak dimana2 bahkan sering menjadi candu negatif dan sangat merusak mental,0,negatif
45,7/29/2022 16:43,grumpygirlz,putus sih pernah dulu sekali judi online sung tak cut karna pasti itu candu,0,netral
46,7/23/2022 0:59,winbbyy29,gue yakin ini si hack candu sama judi online sampe segitunya mau nipu orang,0,negatif
47,7/11/2022 19:57,ariiiifpp,sebenernya judi online ini lapornya kemana sih Ini salah satu tindakan merusak mental generasi bangsa Kecanduan Judi lebih susah di obatin dari candu narkotika dan miras Ko gaada tindakan ya,0,negatif
48,6/30/2022 11:40,hoakssaber,Sampurasun kawansaber Judi online belakangan hari marak di jagad dunia maya membuat orang kecanduan dan tidak bijak lagi dalam bermedia digital  Judi online tak hanya membikin candu ketagihan namun juga menyengsarakan gangguan mental potensi tindakan kriminal,0,negatif
49,6/21/2022 9:44,jabarsaberhoaks,Hai Warginet Judi online belakangan ini marak di jagad dunia maya yang membuat orang kecanduan dan tidak bijak lagi dalam bermedia digital  Judi online tak hanya bikin candu menyengsarakan tapi juga bisa bikin gangguan mental potensi tindakan kriminal dan pencurian data,0,negatif
50,6/20/2022 12:46,tribunbanten,Judi Online di Tangerang Bikin Candu Pria Asal Ciledug Ditemukan Tewas di Kusen Pintu,0,negatif
51,9/27/2022 0:13,amintoto_com,selamat kepada bosku siba999 yang telah mendapatkan jackpot maxwin buruan mainkan slot gacor hari ini,0,positif
52,9/25/2022 14:27,ahmedal03612913,Kami adalah situs judi poker online terpercaya yang menawarkan banyak permainan poker yang berbeda dengan jumlah jackpot yang besar,0,positif
53,9/25/2022 14:04,tammy_vania,situs judi slot online jackpot terbesar  ,0,positif
54,9/25/2022 9:04,bolabet_365,Tips Bermain Di Situs Judi Slot Online Agar Tembus Jackpot,0,positif
55,9/24/2022 11:03,tammy_vania,situs judi slot online jackpot terbesar,0,positif
56,9/24/2022 9:43,konosuba1367,Situs Judi Slot Online Mesin Bocor Jackpot Tak Terhingga ,0,positif
57,9/23/2022 9:54,celinemumu2,I just posted 5 Rekomendasi Situs Judi Slot Online Mudah Jackpot Terpercaya 2022 Daftar Slot Via Dana on Reddit ,0,positif
58,9/23/2022 9:27,exhasnil,5 Rekomendasi Situs Judi Slot Online Mudah Jackpot Terpercaya 2022 Daft,0,positif
59,9/22/2022 3:54,restoslot4d_com,Selamat buat member setia Restoslot4d yang mendapatkan jackpot,0,positif
60,9/22/2022 2:56,mtogel55,Daftar dan Gabung di Situs Bandar Judi Togel Terpercaya Berapapun Jackpot pasti DIBAYAR LUNAS,2,positif
61,9/21/2022 19:18,maxmpoindonesia,Agen Slot Pragmatic ialah permainan slot judi online yang memiliki permainan menarik dan jackpot kemenangan sensasional yang tinggi dimana para pecinta slot online lengkap dapat menikmati permainan slot pragmatic,0,positif
62,9/21/2022 15:22,toinewsofficial,Situs Judi Slot Online Pragmatic 828 Jackpot Gacor Terbaik  ,0,netral
63,9/21/2022 11:34,myblogpay_,Daftar Situs Judi Slot Online Gacor Terbaru Mudah Menang Jackpot Terbesar,0,netral
64,9/13/2022 13:30,situsdewanaga89,DEWANAGA89  Agen Judi Online Yang Mudah Menang Dengan Pola Dan Bocoran Gampang Jp,0,netral
65,9/12/2022 21:30,slotrajacuan,RajaCuan ialah agen judi online terpercaya paling gacor di lengkapi dengan game slot gacor hari ini pasti mudah jackpot 2022,0,netral
66,9/12/2022 12:05,ultrajpa,negat,0,netral
67,9/12/2022 12:01,royal123a,Selamat siang para sloters  semoga hari ini mendapatkan kemenangan besar berupa jackpot di  situs judi slot online banyak bonus pilihan paling tepat untuk semua bettor salam JACKPOT,0,netral
68,9/11/2022 23:54,merseysideliv, Judi online heran sih org2 yg main judi online begini apanya yg diharepin coba Ga bakal bisa kaya dapet jackpot dikira algorithm nya beneran random dan pure luck doang permainannya ,0,netral
69,9/11/2022 17:04,nara70662247,Bingung Memilih Situs Judi Online Yang Terbaik Ayo Beralih Sekarang Juga di Situs KEJUQQ Selain Kemenangan Mudah dan Terjangkau Juga Jackpot nya Gampang di Raih ,0,netral
70,9/10/2022 11:27,ultrajpa,Situs game judi jackpot online tersedia deposit melalui QRIS pulsa ewallet dan transfer bank lokal seluruh Indonesia dan terdapat berbagai bonus terbesar di UltraJP,0,netral
71,9/18/2022 0:51,shizi168,Duh gampang banget nder kalo mau kaya dari uang haram Kalo moral compass gw rusak  gw udah kaya raya dari bikin website judi online sama aplikasi pinjol  Tapi ga halal ya buat apa,0,netral
72,9/2/2022 3:17,bujangsantuy3,"Mudah mudahan bang qor bisa kasih wejangan buat yang masih kecanduan dalam kurung berharap sama Situs judi online yang pasti nya bisa bikin sadar temen gue, dan orang lain yang masih berkecimpung disana bahwa gapernah ada sejarah nya orang jadi kaya karena judi",1,negatif
73,8/24/2022 7:50,egyadut,Bikin gebrakan kaya kapolri yg terdahulu Sikat perjudian Apalagi pelaku judi pakai online tentunya lebih mudah untuk menangkap karena bekas online lbh mudah ditemukan siapa2 pemakainya alias siapa2 yg akses,0,negatif
74,8/22/2022 18:23,weswancine,Kamu yg suka judi online sudahlah Ga ada bandar ya mau rugi Kecurangan pasti ada Hanya bikin kaya si bandar,0,negatif
75,8/19/2022 11:32,dara_darmayu,Sudah saatnya berantas semua mafia judi online Judi bikin orang bermimpi jadi orang kaya tanpa bekerja,0,negatif
76,8/19/2022 10:02,fajrulafif,Bikin judi online enak juga ni duitnya tinggal cari bekingnya aja lagi siapa ya yang mau Kisaran pemasukan perbulan kita kecil aja 200M Kita pakai slot jenis baru aja kasih gambar SpongeBob free spin 10 kali jackpot nya sesuai bet Bekingnya harus yg OP biar kaya raya.,0,positif
77,8/19/2022 9:13,helmialvares,Kalo dulu perusahaan2 judi online buat sponsorin club2 olahraga bikin portal berita olahraga buat menyamarkan Kalo persikabo terang2an,0,negatif
78,8/16/2022 18:03,yunitael,Makanya dimana2 judi online ga bakal bikin lo kaya Bikin lo miskin banyak utang iya Tulil amat sih,0,negatif
79,8/3/2022 13:21,reninovitafb,Buat yang setengah kaya jadi admin judi online atau bikin pinjol selagi celah terbuka lebar gas terus kita seneng dibuat menderita,0,positif
80,7/31/2022 22:07,thelifeofjuls,Ini nih yg bikin kesel kaya gtu gak di block yg penting di block  Kadang suka kesel  sering bgt dapet wa buat ikutan judi online capek bgt blockin nomor2 gajelas  Harusnya tuh komnfo ngeblockin yg ngeganggu kaya gitu,0,negatif
81,7/31/2022 21:22,donyardi13,"Judi online bukan permainan oii ,judi online cuma permainan judi yg bikin kaya gila",0,negatif
82,7/30/2022 7:19,undryas,harusnya yg diblokir tuh situs ilegal kaya judi online dsb gini bukan yg legal kalau gini caranya jadi makin banyak yg mending ke ilegal mau jadi kaya rrc kah ini rrc mah bagus bisa bikin weibo dll lah di sini dana buat bikin web kominfo seharga 963 m aja diambil semua,0,negatif
83,6/13/2022 11:48,evannn,Ga ada namanya judi itu bikin kaya bosss mau judi slot online atau kartu semacamnya ga ada pemain yg kaya karna judi klo mau kaya ya usaha atau kerja lah masih ada aja di bodoh2in sama judi onlinen kan TOLOL,0,negatif
84,5/13/2022 21:32,susiaj_aj,Tiap mau baca manga online pasti dah dah iklan Judi ntah judi jns apa gak ngerti Baca blog jg sm Malah klo blog ada iklan obat kuat anuan segala Bangsat emg Tp yg judi itu ya emg gak bikin kaya Mau kaya ya kerja Ato klo punya warisan tanah kna proyek gede jd kaya dah,0,negatif
85,5/5/2022 0:30,semutrang1968,Malem ini di pusingkan cara cari uang buat beli tiket pulang ke Balikpapan Hal ini terjadi karena kesalahan keteledoran dan ketamakan di Judi Online Judi Online emang bahaya bikin sengsara Dua kali lebaran kaya gini teroos Cape,0,negatif
86,4/6/2022 20:46,marrphell_30,waduh judi slot  yia mas bikin ketagihan depo lagi depo lagi   udah mas udah jgn diterusin judi slot ga bakalan menang iya mas saya kaya dipermainkan sama judi ini ya mau gimana pun judi online itu sudah disetting mas mas ga bakalan menang,0,negatif
87,3/21/2022 13:19,filsufj,yang lebih lucu tetiba merasa sok paling logika tapi percaya sama robot trading percaya klo judi online bisa bikin kaya sampai percaya kalau dinikahin setelah diPHPin ,1,negatif
88,1/29/2022 23:49,jowobritish,pertanyaan pertama banget yg harus dijawab sebenarnya WHY lu harus punya motif yg jelas sebelum bikin produk bukan cuma ngide aha gw pengen bikin app judi online karena gw pengen kaya  itu motif yg lemah nanti ngaruh ke marketability produk jadi jawablah dulu WHY nya,0,netral
89,1/4/2022 21:58,yoursexwise,hahaha bikin kaya mendadak coba next update mau ditambahin add on feature slot judi online kayaknya biar jadi kaya beneran ,0,positif
90,1/1/2022 19:27,aqmarinaep,Asli judi online gitu bener2 bikin orangnya gak sadar dan super nyusahin Sama persis kaya temen Kinerja menurun banyak bohongnya pula,0,negatif
